证券代码,净利润增长率%,加权平均ROE本期,加权平均ROE上年同期,加权平均ROE增长率%,营业收入增长率%,基本
600892,3883.945,7.495000000000001,18.085,-1.9050000000000011,389.6225,0.40750000000000003
000673,3332.581666666667,13.815,-168.64000000000001,29.72666666666667,444.59166666666664,0.125
600753,1142.7355555555557,4.548888888888889,-0.23444444444444437,936.3566666666668,512.9988888888889,0.04777777777777778
000656,625.8800000000001,14.245555555555557,13.323333333333332,60.84444444444445,87148.88222222222,0.6022222222222223
000034,316.5257142857143,20.61142857142857,36.317142857142855,40.39857142857142,1259.6000000000001,0.3028571428571428
600793,244.6400000000001,9.198333333333332,-17.251666666666665,-158.23000000000005,559.3666666666667,0.09333333333333337
000036,221.36888888888885,15.268888888888888,8.244444444444444,156.98777777777778,204.66555555555556,0.34333333333333327
